Topic;New_names
0;Urbanization and Housing Growth
1;Family Education Dynamics Parents 
2;Return FLows Survey Estimates
3;Economic Labor Market Development 
4;Health Mortality Advantage
5;Historical Ethnic Demography 
6;Demographic Population Trends
7;Rural Urban Cities
8;Aging and Retirement
9;Gender and Family Dynamics 
10;Integration, Origins, lifecourse
11;Conflict Policy Networks
12;Marital Dynamics 
13;Women Fertility
14;Estimates, census, methods Accuracy 
15;Rural Agricultural 
16;Replacement and fertility
17;Emigration, mouvement
18;Labor Market and Earnings 
19;Projections Models Age Bayesian
20;Student Mobility and Education
21;Mobilité estimation enquêtes
